{
  "runtime_seconds": 137.6946349143982,
  "frames_processed": 2030,
  "total_detections": 9,
  "unique_items": 9,
  "avg_confidence": 0.42253871896752604,
  "avg_processing_time_ms": 61.49069547653198,
  "avg_fps": 15.606528425541455,
  "items_by_type": {
    "liquid": 2,
    "plastic": 7
  },
  "items_by_bin": {
    "recycling": 7,
    "trash": 2
  },
  "recycling_rate_percent": 77.77777777777779,
  "total_co2_saved_kg": 0.39199999999999996,
  "total_co2_footprint_kg": 0.6,
  "detections_per_hour": 235.30328556477446
}